Date of Arrangement,Expiration Date,country,Actual/Current Expiration Date
6/19/1952,6/19/1953,belgium,6/18/1957
12/5/1952,6/5/1953,finland,6/5/1953
2/18/1954,2/17/1958,peru,2/9/1958
4/16/1954,10/16/1955,mexico,10/16/1955
4/1/1956,3/31/1958,chile,3/31/1958
5/18/1956,11/17/1956,iran,11/17/1956
10/17/1956,10/16/1957,france,10/16/1957
11/21/1956,5/20/1957,nicaragua,5/20/1957
11/29/1956,11/28/1957,bolivia,11/28/1957
12/7/1956,6/6/1957,cuba,6/6/1957
12/22/1956,12/21/1957,united-kingdom,12/21/1957
3/11/1957,3/10/1958,india,3/10/1958
6/19/1957,6/18/1958,colombia,6/18/1958
7/30/1957,7/29/1958,paraguay,7/29/1958
9/12/1957,9/11/1958,netherlands,3/11/1958
10/7/1957,4/6/1958,nicaragua,4/6/1958
11/12/1957,5/11/1958,honduras,5/11/1958
12/22/1957,12/21/1958,united-kingdom,12/21/1958
12/29/1957,12/28/1958,bolivia,2/28/1959
1/31/1958,1/30/1959,france,1/30/1959
2/10/1958,2/28/1959,peru,2/28/1959
4/1/1958,3/31/1959,chile,3/31/1959
4/8/1958,4/7/1959,south-africa,4/7/1959
6/3/1958,6/2/1959,brazil,6/2/1959
6/19/1958,6/18/1959,colombia,6/18/1959
7/14/1958,7/13/1959,haiti,7/13/1959
7/30/1958,7/29/1959,paraguay,7/29/1959
9/15/1958,3/14/1959,nicaragua,3/14/1959
10/1/1958,3/31/1959,el-salvador,3/31/1959
12/8/1958,12/7/1959,pakistan,9/22/1959
12/19/1958,12/18/1959,argentina,12/2/1959
12/22/1958,12/21/1959,united-kingdom,12/21/1959
1/29/1959,1/28/1960,honduras,1/28/1960
3/1/1959,2/29/1960,peru,2/29/1960
3/5/1959,9/4/1959,mexico,9/4/1959
4/1/1959,12/31/1959,chile,12/31/1959
5/18/1959,9/30/1960,bolivia,9/30/1960
7/14/1959,9/30/1959,haiti,9/30/1959
8/13/1959,8/12/1960,paraguay,8/12/1960
8/17/1959,8/16/1960,spain,8/16/1960
10/1/1959,3/31/1960,el-salvador,3/31/1960
10/1/1959,9/30/1960,haiti,9/30/1960
10/22/1959,10/21/1960,colombia,10/21/1960
11/15/1959,11/14/1960,morocco,11/14/1960
12/3/1959,12/2/1960,argentina,12/2/1960
12/22/1959,12/21/1960,dominican-republic,12/21/1960
2/23/1960,2/22/1961,iceland,1/13/1961
3/1/1960,2/28/1961,peru,2/28/1961
3/7/1960,3/6/1961,honduras,3/6/1961
4/7/1960,4/6/1961,venezuela,4/6/1961
5/2/1960,11/1/1960,syria,11/1/1960
6/6/1960,6/5/1961,guatemala,6/5/1961
8/17/1960,8/16/1961,spain,3/20/1961
10/1/1960,3/31/1961,el-salvador,3/31/1961
10/1/1960,9/30/1961,haiti,9/30/1961
10/10/1960,10/9/1961,iran,3/20/1962
10/10/1960,10/9/1961,paraguay,10/9/1961
11/1/1960,10/31/1961,colombia,10/31/1961
11/3/1960,11/2/1961,nicaragua,11/2/1961
12/12/1960,12/11/1961,argentina,12/11/1961
1/1/1961,12/31/1961,turkey,12/31/1961
1/1/1961,12/31/1961,yugoslavia,12/31/1961
2/16/1961,2/15/1962,chile,2/15/1962
2/16/1961,12/31/1961,iceland,12/31/1961
3/1/1961,2/28/1962,peru,2/28/1962
5/1/1961,4/30/1962,australia,9/5/1961
5/1/1961,4/30/1962,honduras,4/30/1962
5/18/1961,5/17/1962,brazil,5/17/1962
6/6/1961,6/5/1962,uruguay,6/5/1962
6/8/1961,6/7/1962,ecuador,6/7/1962
7/6/1961,7/5/1962,south-africa,7/5/1962
7/13/1961,7/12/1962,el-salvador,7/12/1962
7/13/1961,7/12/1962,mexico,7/12/1962
7/27/1961,7/26/1962,bolivia,7/26/1962
8/8/1961,8/7/1962,united-kingdom,8/7/1962
8/14/1961,8/13/1962,guatemala,8/13/1962
8/16/1961,8/15/1962,indonesia,8/15/1962
10/1/1961,9/30/1962,haiti,9/30/1962
10/4/1961,10/3/1962,costa-rica,10/3/1962
12/11/1961,12/10/1962,paraguay,3/10/1963
12/12/1961,12/11/1962,argentina,5/16/1962
1/1/1962,12/31/1962,colombia,12/31/1962
1/19/1962,1/18/1963,japan,1/18/1963
3/1/1962,2/28/1963,peru,2/28/1963
3/22/1962,3/21/1963,iceland,3/21/1963
3/26/1962,9/30/1962,syria,11/30/1962
3/30/1962,12/31/1962,turkey,12/31/1962
4/12/1962,4/11/1963,philippines,4/11/1963
5/7/1962,5/6/1963,egypt,5/6/1963
6/7/1962,6/6/1963,argentina,10/6/1963
6/8/1962,6/7/1963,ecuador,6/7/1963
6/29/1962,6/28/1963,honduras,6/28/1963
7/9/1962,7/8/1963,india,7/8/1963
8/8/1962,8/7/1963,bolivia,8/7/1963
8/8/1962,8/7/1963,united-kingdom,8/7/1963
9/13/1962,9/12/1963,el-salvador,9/12/1963
10/1/1962,9/30/1963,haiti,9/30/1963
10/4/1962,10/3/1963,uruguay,10/3/1963
12/24/1962,12/23/1963,costa-rica,12/23/1963
1/14/1963,1/13/1964,colombia,1/13/1964
1/15/1963,1/14/1964,chile,1/14/1964
2/15/1963,12/31/1963,turkey,12/31/1963
3/1/1963,2/29/1964,nicaragua,2/29/1964
3/1/1963,2/29/1964,peru,2/29/1964
4/12/1963,4/11/1964,philippines,4/11/1964
6/1/1963,5/31/1964,liberia,5/31/1964
6/13/1963,7/12/1964,jamaica,6/12/1964
7/1/1963,6/30/1964,ecuador,6/30/1964
7/9/1963,7/8/1964,india,7/8/1964
7/18/1963,7/17/1964,honduras,7/17/1964
7/22/1963,7/21/1964,united-states,7/21/1964
8/1/1963,7/31/1964,indonesia,7/31/1964
8/8/1963,8/7/1964,united-kingdom,8/7/1964
9/4/1963,8/31/1964,bolivia,8/31/1964
9/13/1963,9/12/1964,el-salvador,9/12/1964
10/1/1963,9/30/1964,haiti,9/30/1964
2/14/1964,2/13/1965,chile,1/5/1965
2/14/1964,2/13/1965,colombia,2/13/1965
2/15/1964,12/31/1964,turkey,12/31/1964
3/1/1964,2/28/1965,peru,2/28/1965
3/11/1964,3/10/1965,japan,3/10/1965
3/12/1964,12/31/1964,syria,12/31/1964
4/1/1964,3/31/1965,nicaragua,3/31/1965
4/12/1964,4/11/1965,philippines,4/11/1965
5/1/1964,4/30/1965,somalia,1/18/1965
5/23/1964,5/22/1965,egypt,5/22/1965
6/1/1964,5/31/1965,liberia,5/31/1965
7/1/1964,6/30/1965,ecuador,6/30/1965
7/1/1964,6/30/1965,mali,6/30/1965
7/22/1964,7/21/1965,united-states,7/21/1965
8/1/1964,7/31/1965,dominican-republic,7/31/1965
8/5/1964,8/4/1965,honduras,8/4/1965
8/8/1964,8/7/1965,united-kingdom,8/7/1965
9/1/1964,8/31/1965,bolivia,8/31/1965
10/1/1964,9/30/1965,haiti,9/30/1965
10/1/1964,9/30/1965,tunisia,9/30/1965
11/23/1964,11/22/1965,paraguay,11/22/1965
1/6/1965,1/5/1966,chile,1/5/1966
1/13/1965,1/12/1966,brazil,1/12/1966
1/19/1965,1/18/1966,somalia,1/18/1966
1/26/1965,1/25/1966,burundi,1/25/1966
2/1/1965,1/31/1966,costa-rica,1/31/1966
2/1/1965,12/31/1965,turkey,12/31/1965
3/16/1965,3/15/1966,pakistan,3/15/1966
3/22/1965,3/21/1966,india,3/21/1966
3/22/1965,3/21/1966,korea,3/21/1966
4/8/1965,4/7/1966,peru,3/30/1966
4/12/1965,4/11/1966,philippines,4/11/1966
6/1/1965,5/31/1966,liberia,5/31/1966
6/15/1965,6/14/1966,sri-lanka,6/14/1966
6/17/1965,6/16/1966,afghanistan,6/16/1966
7/1/1965,6/30/1966,ecuador,6/30/1966
7/26/1965,7/25/1966,panama,7/25/1966
7/26/1965,7/25/1966,yugoslavia,7/25/1966
9/1/1965,8/31/1966,bolivia,11/30/1966
9/23/1965,9/22/1966,morocco,9/22/1966
10/1/1965,9/30/1966,haiti,9/30/1966
10/15/1965,10/14/1966,el-salvador,10/14/1966
11/12/1965,11/11/1966,tunisia,11/11/1966
1/1/1966,12/31/1966,colombia,12/31/1966
1/1/1966,12/31/1966,guatemala,12/31/1966
1/1/1966,12/31/1966,honduras,12/31/1966
1/19/1966,1/18/1967,somalia,1/18/1967
2/1/1966,1/31/1967,brazil,1/31/1967
2/1/1966,12/31/1966,turkey,12/31/1966
3/1/1966,2/28/1967,chile,2/28/1967
3/1/1966,2/28/1967,costa-rica,2/28/1967
3/22/1966,3/21/1967,korea,3/21/1967
3/28/1966,3/27/1967,burundi,3/27/1967
3/31/1966,3/30/1967,peru,3/30/1967
4/12/1966,4/11/1967,philippines,1/4/1967
4/15/1966,4/14/1967,rwanda,4/14/1967
5/17/1966,5/16/1967,ghana,5/16/1967
6/1/1966,5/31/1967,liberia,5/31/1967
6/9/1966,6/8/1967,uruguay,6/8/1967
6/15/1966,6/14/1967,sri-lanka,6/14/1967
7/15/1966,7/14/1967,ecuador,7/14/1967
8/3/1966,8/2/1967,afghanistan,8/2/1967
9/1/1966,8/31/1967,paraguay,8/31/1967
9/22/1966,9/21/1967,sudan,9/13/1967
9/23/1966,9/22/1967,morocco,9/22/1967
10/1/1966,9/30/1967,haiti,9/30/1967
11/1/1966,10/31/1967,sierra-leone,10/31/1967
12/2/1966,12/1/1967,bolivia,12/1/1967
12/5/1966,12/4/1967,tunisia,12/4/1967
1/1/1967,12/31/1967,yugoslavia,12/31/1967
1/5/1967,1/4/1968,philippines,1/4/1968
1/19/1967,1/18/1968,somalia,1/18/1968
2/13/1967,2/12/1968,brazil,2/12/1968
2/15/1967,2/14/1968,guyana,2/14/1968
2/15/1967,12/31/1967,turkey,12/31/1967
3/6/1967,3/5/1968,finland,3/5/1968
3/22/1967,3/21/1968,korea,3/21/1968
3/28/1967,3/27/1968,burundi,3/27/1968
4/1/1967,3/31/1968,guatemala,3/31/1968
4/15/1967,4/14/1968,colombia,4/14/1968
4/20/1967,4/19/1968,rwanda,4/19/1968
5/1/1967,4/30/1968,argentina,4/14/1968
5/25/1967,5/24/1968,ghana,5/24/1968
6/1/1967,5/31/1968,liberia,5/31/1968
7/6/1967,7/5/1968,congo,7/5/1968
8/17/1967,8/16/1968,costa-rica,8/16/1968
8/18/1967,8/17/1968,peru,8/17/1968
8/21/1967,8/20/1968,mali,8/12/1968
9/14/1967,9/13/1968,sudan,9/13/1968
10/25/1967,10/24/1968,new-zealand,10/24/1968
10/27/1967,10/26/1968,morocco,10/26/1968
11/30/1967,11/29/1968,united-kingdom,11/29/1968
12/2/1967,12/1/1968,bolivia,1/15/1969
12/5/1967,12/4/1968,el-salvador,12/4/1968
12/27/1967,12/26/1968,tunisia,12/26/1968
1/1/1968,12/31/1968,honduras,12/31/1968
1/1/1968,12/31/1968,paraguay,12/31/1968
1/17/1968,1/16/1969,sierra-leone,1/16/1969
1/19/1968,1/18/1969,somalia,1/18/1969
2/15/1968,2/14/1969,guyana,2/14/1969
2/19/1968,2/18/1969,indonesia,2/18/1969
3/1/1968,2/28/1969,chile,2/28/1969
3/1/1968,2/28/1969,nicaragua,2/28/1969
3/1/1968,2/28/1969,uruguay,2/28/1969
3/27/1968,3/26/1969,philippines,3/26/1969
3/28/1968,3/27/1969,burundi,3/27/1969
4/1/1968,12/31/1968,turkey,12/31/1968
4/11/1968,4/10/1969,korea,4/10/1969
4/15/1968,4/14/1969,argentina,4/14/1969
4/16/1968,4/15/1969,guatemala,4/15/1969
4/19/1968,4/18/1969,colombia,4/18/1969
4/20/1968,4/19/1969,rwanda,4/19/1969
4/29/1968,4/28/1969,brazil,4/28/1969
5/6/1968,5/5/1969,sri-lanka,5/5/1969
5/8/1968,5/7/1969,panama,1/16/1969
5/28/1968,5/27/1969,ghana,5/27/1969
6/1/1968,5/31/1969,liberia,5/31/1969
7/10/1968,7/9/1969,afghanistan,7/9/1969
8/12/1968,8/11/1969,mali,8/11/1969
10/17/1968,10/16/1969,pakistan,10/16/1969
10/27/1968,10/26/1969,morocco,10/26/1969
11/8/1968,11/7/1969,peru,11/7/1969
12/5/1968,12/4/1969,sudan,12/4/1969
1/1/1969,12/31/1969,paraguay,12/31/1969
1/1/1969,12/31/1969,tunisia,12/31/1969
1/16/1969,1/15/1970,bolivia,1/15/1970
1/16/1969,1/15/1970,panama,1/15/1970
1/20/1969,1/19/1970,somalia,1/19/1970
2/1/1969,1/31/1970,honduras,4/30/1970
3/28/1969,3/27/1970,sierra-leone,3/27/1970
3/29/1969,3/28/1970,guyana,3/28/1970
4/4/1969,4/3/1970,indonesia,4/3/1970
4/7/1969,4/6/1970,ecuador,4/6/1970
4/15/1969,12/31/1969,korea,12/31/1969
4/19/1969,4/18/1970,burundi,4/18/1970
4/19/1969,4/18/1970,chile,4/18/1970
4/19/1969,4/18/1970,colombia,4/18/1970
4/28/1969,4/27/1970,rwanda,4/27/1970
4/29/1969,4/28/1970,brazil,2/4/1970
5/26/1969,5/25/1970,nicaragua,5/25/1970
5/29/1969,5/28/1970,ghana,5/28/1970
6/1/1969,5/31/1970,liberia,5/31/1970
6/20/1969,6/19/1970,united-kingdom,6/19/1970
7/1/1969,6/30/1970,turkey,6/30/1970
7/15/1969,7/14/1970,el-salvador,7/14/1970
8/1/1969,7/31/1970,guatemala,7/31/1970
8/12/1969,8/11/1970,sri-lanka,8/11/1970
9/19/1969,9/18/1970,france,9/18/1970
10/23/1969,10/22/1970,afghanistan,10/22/1970
10/23/1969,10/22/1970,mali,10/22/1970
11/24/1969,11/23/1970,myanmar,11/23/1970
12/15/1969,12/14/1970,morocco,12/14/1970
1/1/1970,12/31/1970,tunisia,12/31/1970
1/20/1970,1/19/1971,somalia,1/19/1971
2/3/1970,2/2/1971,panama,2/2/1971
2/4/1970,2/3/1971,brazil,2/3/1971
2/20/1970,2/19/1971,philippines,2/19/1971
3/13/1970,12/31/1970,korea,12/31/1970
4/6/1970,4/5/1971,guyana,4/5/1971
4/17/1970,4/16/1971,indonesia,4/16/1971
4/17/1970,4/16/1971,peru,4/16/1971
4/21/1970,4/20/1971,colombia,4/20/1971
5/28/1970,5/27/1971,uruguay,5/27/1971
6/1/1970,5/31/1971,liberia,5/31/1971
6/8/1970,6/7/1971,burundi,6/7/1971
6/29/1970,6/28/1971,haiti,6/28/1971
8/12/1970,8/11/1971,nicaragua,8/11/1971
8/17/1970,8/16/1971,turkey,8/16/1971
9/14/1970,9/13/1971,ecuador,9/13/1971
12/22/1970,12/21/1971,el-salvador,12/21/1971
12/28/1970,12/27/1971,guatemala,12/27/1971
1/1/1971,12/31/1971,korea,12/31/1971
2/4/1971,2/3/1972,brazil,2/3/1972
2/22/1971,2/21/1972,yugoslavia,7/29/1971
3/16/1971,3/15/1972,philippines,3/15/1972
3/18/1971,3/17/1972,morocco,3/17/1972
3/18/1971,3/17/1972,sri-lanka,3/17/1972
3/23/1971,3/22/1972,panama,3/22/1972
4/21/1971,4/20/1972,colombia,4/20/1972
4/22/1971,4/21/1972,indonesia,4/21/1972
5/3/1971,5/2/1972,guyana,5/2/1972
6/1/1971,5/31/1972,honduras,5/31/1972
6/29/1971,6/28/1972,haiti,6/28/1972
7/22/1971,7/21/1972,uganda,7/21/1972
7/29/1971,7/28/1972,mali,7/28/1972
7/30/1971,7/29/1972,yugoslavia,7/29/1972
1/1/1972,12/31/1972,korea,12/31/1972
2/9/1972,2/8/1973,nicaragua,2/8/1973
3/1/1972,2/28/1973,liberia,2/28/1973
3/3/1972,3/2/1973,brazil,3/2/1973
3/29/1972,3/28/1973,guatemala,3/28/1973
3/29/1972,3/28/1973,sudan,3/28/1973
4/17/1972,4/16/1973,indonesia,4/16/1973
5/1/1972,4/30/1973,colombia,4/30/1973
5/11/1972,5/10/1973,philippines,5/10/1973
5/15/1972,5/14/1973,guyana,5/14/1973
5/18/1972,5/17/1973,pakistan,5/17/1973
6/7/1972,6/6/1973,honduras,6/6/1973
6/22/1972,6/21/1973,panama,6/21/1973
6/27/1972,6/26/1973,uruguay,6/26/1973
7/3/1972,7/2/1973,ecuador,7/2/1973
7/6/1972,7/5/1973,haiti,7/5/1973
9/8/1972,9/7/1973,el-salvador,9/7/1973
1/17/1973,1/16/1974,bolivia,1/16/1974
2/2/1973,2/1/1974,myanmar,2/1/1974
4/2/1973,12/31/1973,korea,12/31/1973
5/4/1973,5/3/1974,indonesia,5/3/1974
5/4/1973,5/3/1974,zambia,5/3/1974
5/15/1973,5/14/1974,guyana,5/14/1974
5/16/1973,5/15/1974,philippines,5/15/1974
5/17/1973,5/16/1974,liberia,5/16/1974
6/1/1973,5/31/1974,jamaica,5/31/1974
6/6/1973,6/5/1974,colombia,6/5/1974
6/18/1973,6/17/1974,afghanistan,6/17/1974
7/6/1973,7/5/1974,haiti,7/5/1974
8/3/1973,8/2/1974,panama,8/2/1974
8/9/1973,8/8/1974,sudan,8/8/1974
8/11/1973,8/10/1974,pakistan,8/10/1974
1/30/1974,1/29/1975,chile,1/29/1975
4/10/1974,4/9/1975,italy,4/9/1975
4/30/1974,4/29/1975,sri-lanka,4/29/1975
5/15/1974,5/14/1975,guyana,5/14/1975
5/17/1974,12/31/1974,korea,12/31/1974
6/14/1974,6/13/1975,bangladesh,6/13/1975
7/16/1974,7/15/1975,philippines,5/31/1975
8/1/1974,7/31/1975,haiti,7/31/1975
8/14/1974,8/13/1975,liberia,8/13/1975
8/14/1974,8/13/1975,sudan,8/13/1975
10/16/1974,10/15/1975,panama,10/15/1975
11/8/1974,11/7/1975,fiji,11/7/1975
11/8/1974,11/7/1975,israel,2/14/1975
11/11/1974,11/10/1975,pakistan,11/10/1975
11/22/1974,11/21/1975,myanmar,11/21/1975
2/14/1975,2/13/1976,israel,2/13/1976
3/19/1975,3/18/1976,chile,3/18/1976
5/9/1975,5/8/1976,uruguay,5/8/1976
5/31/1975,5/30/1976,philippines,4/1/1976
6/4/1975,6/3/1976,finland,6/3/1976
6/18/1975,6/17/1976,guyana,6/17/1976
7/7/1975,7/6/1978,kenya,7/6/1978
7/16/1975,7/15/1976,afghanistan,7/15/1976
7/28/1975,7/27/1976,bangladesh,7/27/1976
8/1/1975,7/31/1976,haiti,7/31/1976
8/21/1975,8/20/1976,tanzania,8/20/1976
9/29/1975,9/28/1976,grenada,6/30/1976
10/3/1975,10/2/1976,romania,10/2/1976
10/22/1975,6/30/1976,korea,6/30/1976
11/8/1975,11/7/1976,panama,11/7/1976
11/12/1975,11/11/1976,western-samoa,11/11/1976
12/31/1975,12/30/1976,united-kingdom,12/30/1976
1/14/1976,1/13/1977,liberia,1/13/1977
1/21/1976,1/20/1977,south-africa,8/6/1976
2/18/1976,2/17/1977,nepal,2/17/1977
3/22/1976,3/21/1977,congo,3/21/1977
4/2/1976,4/1/1979,philippines,4/1/1979
6/5/1976,3/31/1977,burundi,3/31/1977
6/18/1976,6/17/1977,guyana,6/17/1977
6/30/1976,12/31/1976,grenada,12/31/1976
7/23/1976,7/22/1977,costa-rica,7/22/1977
7/30/1976,7/29/1977,zambia,7/29/1977
8/2/1976,8/1/1977,haiti,8/1/1977
8/4/1976,8/3/1977,uruguay,8/3/1977
8/6/1976,8/5/1977,argentina,8/5/1977
8/6/1976,8/5/1977,south-africa,8/5/1977
10/20/1976,10/19/1977,israel,10/19/1977
1/1/1977,12/31/1977,congo,12/31/1977
1/1/1977,12/31/1979,mexico,12/31/1979
1/3/1977,1/2/1979,united-kingdom,1/2/1979
1/31/1977,1/30/1978,western-samoa,1/30/1978
3/9/1977,3/8/1978,pakistan,3/8/1978
4/6/1977,4/5/1978,panama,4/5/1978
4/20/1977,4/19/1978,egypt,4/19/1978
4/25/1977,4/24/1978,congo,4/24/1978
4/25/1977,4/24/1978,portugal,4/24/1978
4/25/1977,12/31/1978,italy,12/31/1978
5/6/1977,12/31/1977,korea,12/31/1977
5/6/1977,5/5/1978,myanmar,5/5/1978
5/18/1977,5/17/1978,gambia,5/17/1978
5/25/1977,5/24/1978,mauritania,5/24/1978
6/3/1977,6/2/1978,sierra-leone,6/2/1978
8/2/1977,8/1/1978,haiti,8/1/1978
8/11/1977,8/10/1979,jamaica,6/9/1978
9/9/1977,9/8/1978,romania,9/8/1978
9/14/1977,9/13/1978,uruguay,9/13/1978
9/16/1977,9/15/1978,argentina,9/15/1978
11/18/1977,12/31/1979,peru,9/14/1978
12/2/1977,12/1/1978,sri-lanka,12/1/1978
12/21/1977,12/20/1978,madagascar,12/20/1978
2/6/1978,2/5/1979,spain,2/5/1979
2/6/1978,2/5/1979,western-samoa,2/5/1979
2/24/1978,2/23/1979,mauritius,2/23/1979
4/24/1978,4/23/1980,turkey,7/18/1979
4/26/1978,4/25/1980,zambia,4/25/1980
5/31/1978,5/30/1979,gabon,5/30/1979
6/5/1978,6/4/1979,portugal,6/4/1979
6/9/1978,6/8/1979,panama,3/22/1979
6/9/1978,6/8/1981,jamaica,6/10/1979
7/1/1978,6/30/1979,thailand,6/30/1979
7/28/1978,7/27/1979,myanmar,7/27/1979
7/28/1978,7/27/1981,egypt,7/27/1981
8/15/1978,8/14/1979,guyana,6/24/1979
9/15/1978,12/31/1980,peru,8/9/1979
10/25/1978,10/24/1981,haiti,10/24/1981
11/13/1978,11/12/1979,kenya,8/19/1979
1/1/1979,12/31/1981,sri-lanka,12/31/1981
1/10/1979,1/9/1980,ghana,1/9/1980
3/16/1979,3/15/1980,uruguay,3/15/1980
3/21/1979,3/20/1980,liberia,3/20/1980
3/23/1979,3/22/1980,panama,3/22/1980
3/30/1979,3/29/1980,senegal,3/29/1980
4/25/1979,4/24/1980,congo,4/24/1980
5/4/1979,5/3/1982,sudan,2/18/1982
5/14/1979,12/31/1980,nicaragua,8/20/1979
5/23/1979,5/22/1980,yugoslavia,5/22/1980
6/10/1979,6/9/1981,jamaica,4/12/1981
6/11/1979,12/31/1979,philippines,12/31/1979
6/11/1979,12/31/1980,togo,12/31/1980
6/25/1979,6/24/1982,guyana,6/24/1980
6/28/1979,6/27/1982,honduras,6/27/1982
7/19/1979,7/18/1980,turkey,6/17/1980
7/30/1979,7/29/1980,bangladesh,7/29/1980
8/10/1979,12/31/1980,peru,12/31/1980
8/17/1979,8/16/1980,western-samoa,8/16/1980
8/20/1979,8/19/1981,kenya,10/14/1980
8/27/1979,2/26/1981,congo,2/26/1981
10/31/1979,10/30/1980,rwanda,10/30/1980
10/31/1979,10/30/1981,mauritius,9/4/1980
10/31/1979,12/31/1981,malawi,5/8/1980
11/2/1979,11/1/1980,gambia,11/1/1980
11/2/1979,11/1/1980,sierra-leone,11/1/1980
11/6/1979,12/31/1980,grenada,12/31/1980
1/4/1980,12/31/1980,uganda,12/31/1980
2/1/1980,1/31/1981,bolivia,1/31/1981
2/15/1980,2/14/1981,central-african-republic,2/14/1981
2/27/1980,2/26/1981,somalia,2/26/1981
2/27/1980,12/31/1981,philippines,12/31/1981
3/3/1980,3/2/1982,korea,2/12/1981
3/12/1980,3/11/1982,costa-rica,6/16/1981
4/18/1980,12/31/1981,panama,12/31/1981
5/9/1980,3/31/1982,malawi,3/31/1982
5/14/1980,5/13/1981,uruguay,5/13/1981
6/6/1980,12/31/1981,yugoslavia,1/29/1981
6/18/1980,6/17/1983,turkey,6/17/1983
6/23/1980,6/22/1981,el-salvador,6/22/1981
6/27/1980,6/26/1982,madagascar,4/12/1981
6/27/1980,12/31/1982,gabon,12/31/1982
7/1/1980,6/30/1981,equatorial-guinea,6/30/1981
7/16/1980,7/15/1981,cyprus,7/15/1981
7/23/1980,3/31/1982,mauritania,5/31/1981
7/25/1980,7/24/1983,guyana,7/21/1982
8/4/1980,8/3/1981,laos,8/3/1981
8/8/1980,8/7/1983,senegal,9/10/1981
9/5/1980,9/4/1981,mauritius,9/4/1981
9/15/1980,6/30/1982,tanzania,6/30/1982
9/15/1980,9/14/1982,liberia,8/25/1981
10/8/1980,10/7/1983,morocco,3/8/1981
10/15/1980,10/14/1982,kenya,1/7/1982
11/24/1980,11/23/1983,pakistan,12/1/1981
12/8/1980,12/7/1983,bangladesh,6/21/1982
1/7/1981,1/7/1981,vietnam,1/7/1981
1/30/1981,12/31/1983,yugoslavia,12/31/1983
2/6/1981,2/5/1984,dominica,2/5/1984
2/13/1981,2/12/1982,korea,2/12/1982
2/13/1981,2/12/1983,togo,2/12/1983
2/27/1981,2/22/1984,cote-d-ivoire,2/22/1984
3/2/1981,12/31/1981,china,12/31/1981
3/9/1981,10/7/1983,morocco,4/26/1982
3/30/1981,2/22/1984,sierra-leone,4/6/1982
4/6/1981,4/6/1981,western-samoa,4/6/1981
4/8/1981,4/7/1982,zimbabwe,4/7/1982
4/10/1981,12/31/1981,central-african-republic,12/31/1981
4/13/1981,6/26/1982,madagascar,6/26/1982
4/13/1981,4/12/1984,jamaica,4/12/1984
5/8/1981,6/30/1982,ethiopia,6/30/1982
5/8/1981,5/7/1984,zambia,7/3/1982
5/11/1981,5/10/1982,grenada,5/10/1982
5/29/1981,5/28/1982,solomon-islands,5/28/1982
6/1/1981,3/31/1982,mauritania,3/31/1982
6/3/1981,6/2/1983,thailand,11/16/1982
6/5/1981,6/30/1982,uganda,6/30/1982
6/12/1981,6/11/1982,myanmar,6/11/1982
6/15/1981,6/14/1984,romania,1/14/1984
6/17/1981,6/16/1984,costa-rica,12/20/1982
6/22/1981,6/21/1984,congo,6/21/1982
7/15/1981,7/14/1982,somalia,7/14/1982
7/15/1981,7/14/1982,uruguay,7/14/1982
8/26/1981,9/15/1982,liberia,9/15/1982
9/11/1981,9/10/1982,senegal,9/10/1982
11/9/1981,11/8/1984,india,5/1/1984
11/13/1981,11/12/1982,guatemala,11/12/1982
12/2/1981,11/23/1983,pakistan,11/23/1983
12/21/1981,12/20/1982,mauritius,12/20/1982
1/8/1982,1/7/1983,kenya,1/7/1983
2/22/1982,2/21/1983,gambia,2/21/1983
2/22/1982,2/21/1983,sudan,2/21/1983
4/26/1982,4/25/1983,morocco,4/25/1983
4/28/1982,4/27/1983,panama,4/27/1983
5/21/1982,5/20/1983,mali,5/20/1983
6/7/1982,6/6/1985,peru,4/26/1984
7/9/1982,7/8/1983,madagascar,7/8/1983
7/15/1982,1/14/1984,somalia,1/14/1984
7/16/1982,7/15/1983,el-salvador,7/15/1983
8/6/1982,8/5/1983,malawi,8/5/1983
8/9/1982,9/30/1983,haiti,9/30/1983
8/11/1982,8/10/1983,uganda,8/10/1983
9/29/1982,9/28/1983,liberia,9/13/1983
10/1/1982,5/31/1984,barbados,5/31/1984
11/3/1982,12/31/1983,south-africa,12/31/1983
11/5/1982,12/31/1983,honduras,12/31/1983
11/17/1982,12/31/1983,thailand,12/31/1983
11/24/1982,11/23/1983,senegal,9/18/1983
12/1/1982,11/30/1983,guinea,11/30/1983
12/8/1982,1/7/1984,hungary,1/7/1984
12/20/1982,12/19/1983,costa-rica,12/19/1983
1/1/1983,12/31/1985,mexico,12/31/1985
1/10/1983,1/9/1985,chile,1/9/1985
1/21/1983,1/20/1986,dominican-republic,1/17/1985
1/24/1983,4/23/1984,argentina,1/23/1984
2/23/1983,2/22/1984,sudan,3/9/1984
2/25/1983,2/28/1984,philippines,2/28/1984
3/1/1983,2/28/1986,brazil,2/28/1986
3/4/1983,4/3/1984,togo,4/3/1984
3/21/1983,9/20/1984,kenya,9/20/1984
3/23/1983,9/22/1984,zimbabwe,9/22/1984
3/28/1983,8/31/1983,bangladesh,8/31/1983
4/18/1983,4/17/1984,zambia,4/17/1984
4/22/1983,4/21/1984,central-african-republic,4/21/1984
4/22/1983,4/21/1985,uruguay,4/21/1985
5/18/1983,8/17/1984,mauritius,8/17/1984
6/22/1983,6/21/1984,solomon-islands,6/21/1984
6/24/1983,6/23/1984,turkey,4/3/1984
6/24/1983,12/31/1984,panama,12/31/1984
6/27/1983,6/6/1984,western-samoa,6/6/1984
7/8/1983,3/31/1985,korea,3/31/1985
7/25/1983,7/24/1984,ecuador,7/24/1984
8/3/1983,8/2/1984,ghana,8/2/1984
8/24/1983,8/23/1986,grenada,1/23/1984
8/31/1983,12/31/1984,guatemala,12/31/1984
9/14/1983,7/31/1984,sri-lanka,7/31/1984
9/14/1983,9/13/1984,liberia,9/13/1984
9/16/1983,9/15/1984,uganda,9/15/1984
9/16/1983,3/15/1985,morocco,3/15/1985
9/19/1983,9/18/1984,senegal,9/18/1984
9/19/1983,9/18/1986,malawi,8/5/1986
10/5/1983,12/4/1984,niger,12/4/1984
10/7/1983,2/28/1985,portugal,2/28/1985
11/7/1983,9/30/1985,haiti,9/30/1985
12/9/1983,5/31/1985,mali,5/31/1985
12/27/1983,3/26/1985,congo,3/26/1985
1/13/1984,1/12/1985,hungary,1/12/1985
2/3/1984,2/2/1985,sierra-leone,2/2/1985
4/4/1984,4/3/1985,turkey,4/3/1985
4/10/1984,3/31/1985,madagascar,3/31/1985
4/18/1984,4/17/1985,yugoslavia,5/15/1985
4/23/1984,7/22/1985,gambia,4/22/1985
4/26/1984,7/31/1985,peru,4/24/1985
5/7/1984,5/6/1985,togo,5/6/1985
6/22/1984,6/21/1985,jamaica,6/21/1985
6/25/1984,6/24/1985,sudan,6/24/1985
7/6/1984,7/5/1985,central-african-republic,7/5/1985
7/9/1984,7/8/1985,western-samoa,7/8/1985
7/18/1984,7/17/1985,dominica,7/17/1985
7/26/1984,4/30/1986,zambia,2/7/1986
8/3/1984,8/2/1985,cote-d-ivoire,5/2/1985
8/27/1984,8/27/1984,guinea-bissau,8/27/1984
8/27/1984,12/31/1985,ghana,12/31/1985
12/3/1984,3/31/1986,belize,6/1/1986
12/5/1984,12/4/1985,niger,12/4/1985
12/7/1984,6/6/1986,liberia,12/6/1985
12/14/1984,12/13/1986,philippines,6/9/1986
12/28/1984,3/27/1986,argentina,6/30/1986
1/16/1985,7/15/1986,senegal,7/15/1986
2/8/1985,2/7/1986,kenya,2/7/1986
2/22/1985,2/21/1986,somalia,9/30/1986
3/1/1985,8/31/1986,mauritius,8/31/1986
3/11/1985,3/10/1986,ecuador,3/10/1986
3/13/1985,4/12/1986,costa-rica,4/30/1986
4/12/1985,4/11/1986,mauritania,4/25/1986
4/15/1985,4/14/1986,dominican-republic,4/14/1986
4/23/1985,4/22/1986,madagascar,4/22/1986
4/24/1985,4/23/1986,congo,4/23/1986
5/16/1985,5/15/1986,yugoslavia,5/15/1986
5/17/1985,5/16/1986,togo,5/16/1986
6/3/1985,6/2/1986,cote-d-ivoire,6/2/1986
6/14/1985,3/31/1987,thailand,12/31/1986
6/28/1985,6/27/1986,equatorial-guinea,6/27/1986
7/12/1985,3/10/1987,korea,3/10/1987
7/15/1985,3/31/1987,panama,3/31/1987
7/17/1985,5/31/1987,jamaica,7/16/1986
8/15/1985,8/14/1988,chile,8/14/1989
9/12/1985,2/28/1987,morocco,12/15/1986
9/23/1985,3/22/1987,central-african-republic,3/22/1987
9/27/1985,3/26/1987,uruguay,3/26/1987
11/8/1985,3/31/1987,mali,3/31/1987
12/2/1985,6/30/1987,bangladesh,6/30/1987
12/5/1985,12/4/1986,niger,12/4/1986
12/23/1985,1/22/1987,nepal,4/22/1987
2/3/1986,3/2/1987,guinea,4/2/1987
2/21/1986,2/28/1988,zambia,5/15/1987
4/26/1986,4/25/1987,mauritania,4/25/1987
5/28/1986,3/27/1988,congo,4/21/1987
6/9/1986,4/8/1988,togo,3/8/1988
6/19/1986,6/18/1987,bolivia,7/20/1987
6/23/1986,6/22/1988,cote-d-ivoire,2/28/1988
8/8/1986,3/31/1988,burundi,3/31/1988
8/8/1986,8/7/1989,burundi,8/7/1989
8/15/1986,8/14/1987,ecuador,6/10/1987
8/28/1986,2/27/1988,tanzania,2/27/1988
8/29/1986,4/28/1988,congo,4/28/1988
9/17/1986,10/16/1987,gambia,10/16/1987
9/17/1986,2/16/1988,madagascar,3/16/1988
9/17/1986,9/16/1989,gambia,11/23/1988
9/22/1986,9/21/1989,mauritania,5/24/1989
10/15/1986,10/14/1987,ghana,10/14/1987
10/24/1986,4/23/1988,philippines,8/23/1988
11/4/1986,5/3/1988,tunisia,5/31/1988
11/10/1986,11/9/1987,senegal,9/28/1987
11/10/1986,11/9/1989,senegal,11/21/1988
11/12/1986,11/11/1987,china,11/11/1987
11/14/1986,11/13/1987,sierra-leone,11/13/1987
11/14/1986,11/13/1989,sierra-leone,11/13/1989
11/17/1986,11/16/1989,niger,12/12/1988
11/19/1986,4/1/1988,mexico,4/1/1988
11/26/1986,11/25/1989,dominica,11/25/1989
12/5/1986,12/4/1987,niger,12/4/1987
12/15/1986,12/14/1989,bolivia,7/27/1988
12/16/1986,3/31/1988,morocco,4/30/1988
12/17/1986,12/16/1989,haiti,12/16/1989
12/22/1986,12/31/1988,gabon,12/31/1988
1/30/1987,1/31/1988,nigeria,1/31/1988
2/6/1987,2/5/1990,bangladesh,2/5/1990
3/2/1987,5/31/1988,jamaica,5/31/1988
5/4/1987,5/3/1988,mauritania,5/3/1988
5/15/1987,5/14/1988,congo,5/14/1988
5/15/1987,11/30/1988,egypt,11/30/1988
5/15/1987,5/14/1990,congo,5/14/1990
6/1/1987,5/30/1988,central-african-republic,5/30/1988
6/1/1987,5/31/1990,central-african-republic,5/31/1990
6/8/1987,6/7/1990,mozambique,6/7/1990
6/15/1987,6/14/1990,uganda,4/17/1989
6/29/1987,2/28/1989,somalia,6/28/1988
6/29/1987,6/28/1990,somalia,6/28/1990
7/23/1987,5/17/1988,argentina,9/30/1988
7/29/1987,8/28/1988,guinea,8/28/1988
7/29/1987,7/28/1990,guinea,7/28/1990
8/31/1987,8/30/1990,madagascar,5/15/1989
10/14/1987,10/13/1990,guinea-bissau,10/13/1990
10/14/1987,10/13/1990,nepal,10/13/1990
10/26/1987,10/25/1988,senegal,10/25/1988
10/28/1987,3/31/1989,costa-rica,3/31/1989
10/30/1987,10/29/1990,chad,10/29/1990
10/30/1987,10/29/1990,tanzania,10/29/1990
11/6/1987,11/5/1990,ghana,11/9/1988
11/6/1987,11/6/1990,ghana,11/9/1988
1/4/1988,2/28/1989,ecuador,2/28/1989
2/1/1988,7/31/1989,kenya,5/15/1989
2/1/1988,1/3/1991,kenya,5/15/1989
2/29/1988,4/30/1989,cote-d-ivoire,4/30/1989
3/2/1988,5/30/1989,malawi,5/30/1989
3/9/1988,3/8/1991,sri-lanka,10/21/1991
3/16/1988,4/15/1989,togo,4/15/1989
3/16/1988,5/15/1991,togo,5/31/1989
5/16/1988,5/15/1989,hungary,5/15/1989
6/28/1988,6/27/1989,yugoslavia,6/27/1989
7/15/1988,7/14/1991,malawi,3/31/1994
7/25/1988,7/24/1991,tunisia,7/24/1992
7/27/1988,7/26/1991,bolivia,5/31/1994
7/29/1988,6/28/1991,lesotho,6/28/1991
8/5/1988,10/4/1989,mali,6/4/1990
8/5/1988,8/4/1991,mali,8/4/1991
8/23/1988,2/28/1990,brazil,2/28/1990
8/30/1988,12/31/1989,morocco,12/31/1989
9/2/1988,7/1/1989,madagascar,5/15/1989
9/19/1988,11/30/1989,jamaica,3/23/1990
9/19/1988,3/31/1990,cameroon,6/30/1990
10/26/1988,2/28/1990,guatemala,2/28/1990
11/9/1988,11/8/1991,ghana,3/5/1992
11/21/1988,11/20/1991,senegal,6/2/1992
11/23/1988,11/22/1991,gambia,11/25/1991
12/7/1988,12/6/1991,equatorial-guinea,12/6/1991
12/12/1988,12/11/1991,niger,12/11/1991
12/28/1988,3/27/1990,pakistan,11/30/1990
12/28/1988,12/27/1991,pakistan,12/27/1991
1/13/1989,2/28/1990,trinidad-tobago,2/28/1990
2/3/1989,4/30/1990,nigeria,4/30/1990
4/17/1989,4/16/1992,uganda,6/30/1994
5/15/1989,5/14/1992,kenya,3/31/1993
5/15/1989,5/14/1992,madagascar,5/14/1992
5/23/1989,5/22/1990,costa-rica,5/22/1990
5/23/1989,5/22/1992,philippines,2/20/1991
5/24/1989,5/23/1992,mauritania,5/23/1992
5/26/1989,5/25/1992,mexico,5/25/1993
5/31/1989,5/30/1990,algeria,5/30/1990
5/31/1989,5/30/1992,togo,5/19/1993
6/2/1989,6/1/1992,sao-tome-principe,6/1/1992
6/9/1989,6/8/1990,congo,6/8/1990
6/16/1989,6/15/1992,benin,6/15/1992
6/23/1989,6/22/1992,venezuela,3/22/1993
7/14/1989,1/13/1991,jordan,1/13/1991
9/15/1989,2/28/1991,ecuador,2/28/1991
9/15/1989,3/14/1991,gabon,3/14/1991
9/18/1989,12/31/1990,haiti,12/31/1990
9/18/1989,9/17/1992,laos,9/17/1992
9/20/1989,9/20/1989,chile,9/20/1989
11/8/1989,11/7/1990,chile,11/7/1990
11/10/1989,3/31/1991,argentina,3/31/1991
11/20/1989,4/19/1991,cote-d-ivoire,4/19/1991
2/5/1990,3/4/1991,poland,3/4/1991
3/14/1990,3/13/1991,hungary,2/20/1991
3/16/1990,9/15/1991,yugoslavia,9/15/1991
3/23/1990,5/31/1991,jamaica,5/31/1991
4/20/1990,3/31/1991,trinidad-tobago,3/31/1991
4/25/1990,6/24/1991,papua-new-guinea,6/24/1991
6/1/1990,5/31/1993,mozambique,12/31/1995
7/13/1990,7/12/1991,guyana,12/31/1991
7/13/1990,7/12/1993,guyana,12/20/1993
7/20/1990,3/31/1991,morocco,3/31/1991
7/27/1990,7/26/1991,honduras,2/17/1992
8/10/1990,8/9/1993,bangladesh,9/13/1993
8/27/1990,8/26/1991,el-salvador,8/26/1991
8/27/1990,5/26/1992,congo,5/26/1992
12/12/1990,3/15/1992,uruguay,3/15/1992
1/7/1991,3/6/1992,czechoslovakia,4/3/1992
1/9/1991,4/8/1992,nigeria,4/8/1992
1/18/1991,4/17/1991,india,4/17/1991
2/20/1991,8/19/1992,philippines,3/31/1993
2/20/1991,2/19/1994,hungary,9/15/1993
3/13/1991,5/12/1994,burkina-faso,3/31/1993
3/15/1991,3/14/1992,bulgaria,3/14/1992
4/8/1991,4/7/1992,costa-rica,9/30/1992
4/11/1991,4/10/1992,romania,4/10/1992
4/18/1991,4/17/1994,poland,3/7/1993
4/24/1991,4/23/1994,rwanda,4/23/1994
5/17/1991,11/30/1992,egypt,5/31/1993
5/22/1991,5/21/1994,lesotho,8/1/1994
6/3/1991,3/31/1992,algeria,3/31/1992
6/21/1991,6/20/1994,comoros,6/20/1994
6/28/1991,6/30/1992,jamaica,9/30/1992
7/29/1991,6/30/1992,argentina,3/31/1992
7/29/1991,7/28/1994,tanzania,7/28/1994
7/31/1991,9/30/1992,papua-new-guinea,9/30/1992
8/28/1991,3/27/1993,dominican-republic,3/27/1993
9/13/1991,9/12/1994,sri-lanka,7/31/1995
9/18/1991,3/17/1993,nicaragua,3/17/1993
9/20/1991,9/19/1992,cote-d-ivoire,9/19/1992
9/30/1991,3/29/1993,gabon,3/29/1993
10/4/1991,10/3/1992,mongolia,12/31/1992
10/31/1991,6/30/1993,india,6/30/1993
11/6/1991,11/5/1994,guinea,12/19/1996
11/13/1991,11/12/1994,burundi,11/12/1994
12/11/1991,12/10/1992,ecuador,12/10/1992
12/20/1991,9/19/1992,cameroon,9/19/1992
1/6/1992,3/5/1993,el-salvador,3/5/1993
1/24/1992,1/23/1995,zimbabwe,9/11/1992
1/29/1992,8/31/1993,brazil,8/31/1993
1/31/1992,3/31/1993,morocco,3/31/1993
2/7/1992,5/31/1993,barbados,5/31/1993
2/24/1992,12/23/1993,panama,9/23/1994
2/26/1992,8/25/1993,jordan,2/25/1994
3/31/1992,3/30/1995,argentina,3/30/1996
4/3/1992,4/2/1993,czechoslovakia,12/31/1992
4/17/1992,4/16/1993,bulgaria,4/16/1993
5/29/1992,3/28/1993,romania,3/28/1993
7/1/1992,6/30/1993,uruguay,6/30/1993
7/24/1992,7/23/1995,honduras,7/24/1997
8/5/1992,1/4/1993,russia,1/4/1993
8/26/1992,8/25/1993,albania,7/14/1993
8/28/1992,8/27/1995,mali,4/9/1996
9/11/1992,9/10/1995,zimbabwe,9/10/1995
9/11/1992,9/10/1995,zimbabwe,3/15/1995
9/14/1992,9/13/1993,latvia,9/13/1993
9/16/1992,9/15/1993,estonia,9/15/1993
10/5/1992,10/4/1995,nepal,10/4/1995
10/21/1992,9/20/1993,lithuania,9/20/1993
10/28/1992,10/27/1994,ethiopia,11/8/1995
12/9/1992,12/8/1994,mauritania,1/24/1995
12/11/1992,12/10/1995,jamaica,3/16/1996
12/18/1992,3/17/1994,guatemala,3/17/1994
1/25/1993,1/24/1996,benin,3/15/1996
2/3/1993,2/2/1996,equatorial-guinea,2/2/1996
3/8/1993,3/7/1994,poland,4/8/1994
3/17/1993,3/16/1994,czechia,3/16/1994
3/18/1993,3/17/1996,peru,3/17/1996
3/31/1993,3/30/1996,burkina-faso,3/30/1996
4/19/1993,2/18/1994,costa-rica,2/18/1994
5/10/1993,3/9/1994,el-salvador,12/31/1994
5/12/1993,4/11/1994,kyrgyz-republic,4/11/1994
6/4/1993,6/3/1996,laos,5/7/1997
6/25/1993,6/24/1996,mongolia,6/24/1996
7/9/1993,3/28/1994,dominican-republic,3/28/1994
7/14/1993,7/13/1996,albania,7/13/1996
9/15/1993,12/14/1994,hungary,12/14/1994
9/16/1993,9/15/1994,pakistan,2/22/1994
9/20/1993,9/19/1996,egypt,9/19/1996
10/6/1993,10/5/1994,vietnam,11/11/1994
10/22/1993,3/21/1995,lithuania,10/24/1994
10/27/1993,3/26/1995,estonia,3/26/1995
12/15/1993,3/14/1995,latvia,3/14/1995
12/17/1993,3/16/1995,moldova,3/16/1995
12/22/1993,12/21/1994,kenya,12/21/1994
1/26/1994,1/25/1995,kazakhstan,5/31/1995
2/22/1994,2/21/1997,pakistan,12/13/1995
2/22/1994,2/21/1997,pakistan,12/13/1995
3/2/1994,3/1/1995,senegal,8/29/1994
3/4/1994,3/3/1995,niger,3/3/1995
3/11/1994,3/10/1997,cote-d-ivoire,6/13/1997
3/14/1994,9/13/1995,cameroon,9/13/1995
3/23/1994,3/22/1995,chad,3/22/1995
3/28/1994,3/27/1995,central-african-republic,3/27/1995
3/28/1994,3/27/1995,sierra-leone,3/27/1995
3/28/1994,3/27/1997,sierra-leone,5/4/1998
3/30/1994,3/29/1995,gabon,3/29/1995
4/11/1994,3/31/1995,bulgaria,3/31/1995
5/6/1994,5/5/1997,cambodia,8/31/1997
5/11/1994,12/10/1995,romania,4/22/1997
5/11/1994,3/31/1996,ecuador,12/11/1995
5/25/1994,5/24/1997,jordan,2/9/1996
5/27/1994,5/26/1995,algeria,5/22/1995
5/27/1994,5/26/1995,congo,5/26/1995
6/24/1994,6/23/1997,nicaragua,6/23/1997
6/24/1994,6/23/1997,philippines,3/31/1998
7/8/1994,9/7/1995,turkey,3/7/1996
7/20/1994,7/19/1997,guyana,4/17/1998
7/20/1994,7/19/1997,kyrgyz-republic,3/31/1998
7/22/1994,3/21/1996,slovak-republic,3/21/1996
8/5/1994,3/4/1996,poland,3/4/1996
8/29/1994,8/28/1997,senegal,1/12/1998
9/6/1994,9/5/1997,uganda,11/9/1997
9/16/1994,9/15/1997,togo,6/29/1998
9/23/1994,9/22/1995,lesotho,7/31/1995
10/14/1994,4/13/1996,croatia,4/13/1996
10/24/1994,10/23/1997,lithuania,10/23/1997
11/11/1994,11/10/1997,vietnam,11/10/1997
11/16/1994,6/30/1995,malawi,6/30/1995
12/19/1994,12/18/1997,bolivia,7/31/1998
1/18/1995,1/17/1998,guinea-bissau,7/24/1998
1/25/1995,1/24/1998,mauritania,7/13/1998
2/1/1995,8/15/1996,mexico,2/15/1997
3/8/1995,3/7/1996,haiti,3/7/1996
3/22/1995,3/21/1996,moldova,3/21/1996
4/7/1995,4/6/1996,ukraine,4/6/1996
4/11/1995,4/10/1996,russia,3/26/1996
4/11/1995,7/10/1996,estonia,7/10/1996
4/21/1995,5/20/1996,latvia,5/20/1996
5/5/1995,6/4/1996,macedonia,6/4/1996
5/22/1995,5/21/1998,algeria,5/21/1998
6/5/1995,6/4/1996,kazakhstan,6/4/1996
6/28/1995,6/27/1996,armenia,2/14/1996
6/28/1995,6/27/1996,georgia,2/28/1996
6/30/1995,6/29/1998,ghana,5/3/1999
7/14/1995,1/13/1997,papua-new-guinea,12/15/1997
7/21/1995,9/20/1996,el-salvador,9/20/1996
7/31/1995,7/30/1996,lesotho,7/30/1996
9/1/1995,8/31/1998,chad,4/30/1999
9/12/1995,9/11/1996,belarus,9/11/1996
9/27/1995,9/26/1996,cameroon,9/26/1996
10/18/1995,10/17/1998,malawi,12/16/1999
11/8/1995,11/7/1998,gabon,3/7/1999
11/17/1995,11/16/1996,azerbaijan,11/16/1996
11/29/1995,2/28/1997,costa-rica,2/28/1997
11/29/1995,3/31/1997,panama,3/31/1997
12/6/1995,12/5/1996,zambia,12/5/1996
12/6/1995,12/5/1998,zambia,12/5/1998
12/13/1995,3/31/1997,pakistan,9/30/1997
12/18/1995,3/17/1997,uzbekistan,3/17/1997
2/9/1996,2/8/1999,jordan,2/8/1999
2/14/1996,2/13/1999,armenia,12/20/1999
2/28/1996,2/27/1999,georgia,8/13/1999
3/1/1996,3/31/1997,uruguay,3/31/1997
3/15/1996,2/14/1998,hungary,2/14/1998
3/20/1996,6/19/1997,yemen,6/19/1997
3/26/1996,3/25/1999,russia,3/26/1999
4/10/1996,4/9/1999,mali,8/5/1999
4/12/1996,1/11/1998,argentina,1/11/1998
4/15/1996,6/14/1997,djibouti,3/31/1999
4/26/1996,4/25/1999,kenya,4/25/1999
5/8/1996,12/7/1996,tajikistan,12/7/1996
5/10/1996,2/9/1997,ukraine,2/23/1997
5/20/1996,5/19/1999,moldova,5/19/2000
5/24/1996,8/23/1997,latvia,8/23/1997
6/12/1996,6/11/1999,niger,8/27/1999
6/14/1996,6/13/1999,burkina-faso,6/13/1999
6/21/1996,6/20/1999,mozambique,6/27/1999
6/28/1996,6/27/1999,congo,6/27/1999
7/1/1996,3/31/1999,peru,3/31/1999
7/12/1996,7/11/1997,venezuela,7/11/1997
7/17/1996,7/16/1999,kazakhstan,7/16/1999
7/19/1996,3/18/1998,bulgaria,4/11/1997
7/29/1996,8/28/1997,estonia,8/28/1997
8/28/1996,8/27/1999,benin,7/16/2000
9/23/1996,9/22/1997,lesotho,9/22/1997
10/11/1996,9/30/1998,egypt,9/30/1998
10/11/1996,10/10/1999,ethiopia,10/22/1999
10/18/1996,10/17/1999,haiti,10/17/1999
11/8/1996,11/7/1999,tanzania,2/7/2000
11/27/1996,11/26/1999,madagascar,11/30/2000
12/20/1996,12/19/1999,azerbaijan,3/19/2000
12/20/1996,12/19/1999,azerbaijan,3/19/2000
1/13/1997,1/12/2000,guinea,1/12/2001
2/28/1997,4/27/1998,el-salvador,5/30/1998
3/12/1997,3/11/2000,croatia,3/11/2000
4/11/1997,6/10/1998,bulgaria,6/10/1998
4/11/1997,4/10/2000,macedonia,4/10/2000
4/22/1997,5/21/1998,romania,5/21/1998
6/20/1997,3/19/1999,uruguay,3/19/1999
7/30/1997,7/29/2000,mongolia,7/29/2000
8/20/1997,6/19/2000,thailand,6/19/2000
8/20/1997,8/19/2000,cameroon,12/20/2000
8/25/1997,8/24/1998,ukraine,8/24/1998
10/10/1997,4/9/1999,latvia,4/9/1999
10/20/1997,10/19/2000,pakistan,10/19/2000
10/20/1997,10/19/2000,pakistan,10/19/2000
10/29/1997,10/28/2000,yemen,10/28/2001
10/29/1997,10/28/2000,yemen,10/28/2001
11/5/1997,11/4/2000,indonesia,8/25/1998
11/10/1997,11/9/2000,uganda,3/31/2001
12/4/1997,12/3/2000,korea,12/3/2000
12/10/1997,12/9/2000,panama,6/20/2000
12/17/1997,3/16/1999,estonia,3/16/1999
2/4/1998,2/3/2001,argentina,3/10/2000
2/20/1998,4/20/1999,cape-verde,3/15/2000
3/17/1998,3/16/2001,cote-d-ivoire,3/16/2001
3/18/1998,3/17/2001,nicaragua,3/17/2002
4/1/1998,3/31/2000,philippines,12/31/2000
4/20/1998,4/19/2001,senegal,4/19/2002
5/13/1998,5/12/2001,albania,7/31/2001
5/29/1998,5/28/1999,bosnia-herzegovina,5/29/2001
6/1/1998,6/30/1999,zimbabwe,6/30/1999
6/24/1998,6/23/2001,rwanda,4/30/2002
6/24/1998,6/23/2001,tajikistan,12/24/2001
6/26/1998,6/25/2001,kyrgyz-republic,7/25/2001
6/29/1998,6/28/2001,gambia,12/31/2001
7/15/1998,7/14/2001,guyana,12/31/2001
7/20/1998,7/19/2001,central-african-republic,1/19/2002
8/25/1998,11/5/2000,indonesia,2/4/2000
9/4/1998,9/3/2001,ukraine,8/15/2002
9/18/1998,9/17/2001,bolivia,6/7/2002
9/23/1998,2/22/2000,el-salvador,2/22/2000
9/25/1998,9/24/2001,bulgaria,9/24/2001
12/2/1998,12/1/2001,brazil,9/14/2001
3/25/1999,3/24/2002,zambia,3/28/2003
3/26/1999,3/25/2002,honduras,12/31/2002
3/29/1999,3/28/2000,uruguay,3/28/2000
4/15/1999,4/14/2002,jordan,5/31/2002
5/3/1999,5/2/2002,ghana,11/30/2002
6/24/1999,5/31/2002,peru,2/8/2001
6/28/1999,6/27/2002,mozambique,6/27/2003
7/7/1999,11/30/2000,mexico,11/30/2000
7/21/1999,7/20/2002,mauritania,12/20/2002
7/28/1999,12/27/2000,russia,12/27/2000
8/2/1999,10/1/2000,zimbabwe,10/1/2000
8/5/1999,3/31/2000,romania,2/28/2001
8/6/1999,8/5/2002,mali,8/5/2003
9/10/1999,9/9/2002,burkina-faso,12/9/2002
10/18/1999,10/17/2002,djibouti,1/17/2003
10/22/1999,10/21/2002,cambodia,2/28/2003
12/10/1999,4/9/2001,latvia,4/9/2001
12/13/1999,12/12/2002,kazakhstan,3/19/2002
12/20/1999,12/19/2002,colombia,12/19/2002
12/22/1999,12/21/2002,turkey,2/4/2002
1/7/2000,1/6/2003,chad,1/6/2004
2/4/2000,12/31/2002,indonesia,12/31/2003
3/1/2000,8/31/2001,estonia,8/31/2001
3/8/2000,6/7/2001,lithuania,6/7/2001
3/10/2000,3/9/2003,argentina,1/23/2003
3/29/2000,5/28/2001,papua-new-guinea,9/28/2001
4/4/2000,4/3/2003,tanzania,8/15/2003
4/19/2000,4/18/2001,ecuador,12/31/2001
4/28/2000,4/27/2003,sao-tome-principe,4/27/2003
5/31/2000,3/31/2002,uruguay,3/31/2002
6/30/2000,3/29/2002,panama,3/29/2002
7/17/2000,7/16/2003,benin,3/31/2004
8/4/2000,8/3/2001,nigeria,10/31/2001
8/4/2000,8/3/2003,kenya,8/3/2003
10/23/2000,4/22/2002,gabon,4/22/2002
11/29/2000,9/30/2001,pakistan,9/30/2001
11/29/2000,11/28/2003,macedonia,11/22/2001
12/15/2000,12/14/2003,guinea-bissau,12/14/2003
12/18/2000,12/17/2003,macedonia,11/22/2001
12/21/2000,12/20/2003,malawi,12/20/2004
12/21/2000,12/20/2003,moldova,12/20/2003
12/21/2000,12/21/2003,cameroon,12/20/2004
12/22/2000,12/21/2003,niger,6/30/2004
1/12/2001,1/11/2004,georgia,1/11/2004
3/1/2001,2/29/2004,madagascar,3/1/2005
3/9/2001,3/8/2004,lesotho,10/31/2004
3/12/2001,3/11/2002,peru,1/31/2002
3/19/2001,5/18/2002,croatia,5/18/2002
3/22/2001,3/21/2004,ethiopia,10/31/2004
4/13/2001,4/12/2004,vietnam,4/12/2004
4/20/2001,6/19/2002,sri-lanka,9/19/2002
4/20/2001,12/19/2002,latvia,12/19/2002
4/25/2001,4/24/2004,laos,4/24/2005
5/2/2001,5/1/2004,guinea,5/1/2004
5/23/2001,5/22/2004,armenia,12/31/2004
6/11/2001,3/31/2002,serbia-montenegro,5/13/2002
7/6/2001,7/5/2004,azerbaijan,7/4/2005
8/30/2001,3/29/2003,lithuania,3/29/2003
9/14/2001,12/13/2002,brazil,9/5/2002
9/26/2001,9/25/2004,sierra-leone,6/25/2005
9/28/2001,9/27/2004,mongolia,7/31/2005
10/31/2001,4/29/2003,romania,10/15/2003
12/6/2001,12/5/2004,kyrgyz-republic,3/14/2005
12/6/2001,12/5/2004,pakistan,12/5/2004
2/1/2002,2/29/2004,peru,2/29/2004
2/4/2002,12/31/2004,turkey,2/3/2005
2/27/2002,2/26/2004,bulgaria,3/15/2004
3/29/2002,3/28/2005,cote-d-ivoire,3/28/2005
4/1/2002,3/31/2003,guatemala,3/31/2003
4/1/2002,3/31/2004,uruguay,3/31/2005
4/10/2002,4/9/2005,cape-verde,7/31/2005
5/14/2002,5/13/2005,serbia-montenegro,2/28/2006
6/12/2002,6/11/2005,congo,3/31/2006
6/21/2002,6/20/2005,albania,11/20/2005
7/3/2002,7/2/2004,jordan,7/2/2004
7/18/2002,7/17/2005,gambia,7/17/2005
8/2/2002,11/1/2003,bosnia-herzegovina,2/29/2004
8/12/2002,8/11/2005,rwanda,6/11/2006
8/28/2002,8/27/2003,dominica,1/2/2004
9/6/2002,12/31/2003,brazil,3/31/2005
9/13/2002,9/12/2005,uganda,1/31/2006
9/20/2002,9/19/2005,guyana,9/12/2006
12/11/2002,12/10/2005,tajikistan,2/10/2006
12/13/2002,12/12/2005,nicaragua,12/12/2006
1/15/2003,1/14/2005,colombia,5/2/2005
1/24/2003,8/31/2003,argentina,8/31/2003
2/3/2003,4/2/2004,croatia,4/2/2004
3/21/2003,4/20/2004,ecuador,4/20/2004
4/2/2003,4/1/2004,bolivia,3/31/2006
4/18/2003,4/17/2006,sri-lanka,4/17/2006
4/18/2003,4/17/2006,sri-lanka,4/17/2006
4/28/2003,4/27/2006,senegal,4/27/2006
4/30/2003,6/15/2004,macedonia,8/15/2004
5/9/2003,5/8/2006,ghana,10/31/2006
6/11/2003,6/10/2006,burkina-faso,9/30/2006
6/18/2003,3/15/2004,guatemala,3/15/2004
6/20/2003,6/19/2006,bangladesh,6/19/2007
7/18/2003,7/17/2006,mauritania,11/7/2004
8/16/2003,8/15/2006,tanzania,8/15/2007
8/29/2003,8/28/2005,dominican-republic,1/31/2005
9/20/2003,9/19/2006,argentina,1/5/2006
11/19/2003,11/18/2006,nepal,11/18/2007
11/21/2003,11/20/2006,kenya,11/20/2007
12/15/2003,3/31/2005,paraguay,11/30/2005
12/29/2003,12/28/2006,dominica,12/28/2006
1/23/2004,1/22/2007,burundi,1/22/2008
2/27/2004,2/26/2007,honduras,2/26/2007
3/29/2004,3/28/2005,ukraine,3/28/2005
5/28/2004,6/27/2005,gabon,7/31/2005
6/4/2004,6/3/2007,georgia,6/30/2007
6/9/2004,8/16/2006,peru,8/16/2006
6/16/2004,6/15/2007,zambia,9/30/2007
6/23/2004,6/22/2007,mali,11/30/2007
7/6/2004,7/5/2007,mozambique,7/5/2007
7/7/2004,7/6/2006,romania,7/6/2006
8/4/2004,4/3/2006,croatia,11/15/2006
8/6/2004,9/5/2006,bulgaria,3/31/2007
12/6/2004,12/5/2007,congo,6/5/2008
1/31/2005,5/31/2007,dominican-republic,1/30/2008
1/31/2005,1/30/2008,niger,5/31/2008
2/16/2005,2/15/2008,chad,5/31/2008
3/15/2005,3/14/2008,kyrgyz-republic,5/31/2008
5/2/2005,11/2/2006,colombia,11/2/2006
5/11/2005,5/10/2008,turkey,5/10/2008
5/25/2005,5/24/2008,armenia,5/24/2008
6/8/2005,6/7/2008,uruguay,12/27/2006
8/1/2005,7/31/2008,sao-tome-principe,7/31/2008
8/5/2005,8/4/2008,benin,8/4/2009
8/5/2005,8/4/2008,malawi,8/4/2008
8/31/2005,8/30/2008,macedonia,8/30/2008
10/24/2005,10/23/2008,cameroon,10/23/2008
12/23/2005,3/22/2007,iraq,12/18/2007
1/27/2006,1/31/2009,albania,1/31/2009
1/27/2006,1/31/2009,albania,1/31/2009
4/17/2006,4/16/2009,grenada,4/16/2010
5/5/2006,5/4/2009,moldova,5/4/2009
5/10/2006,5/9/2009,sierra-leone,6/30/2010
5/31/2006,8/31/2008,paraguay,8/31/2008
6/12/2006,6/11/2009,rwanda,8/14/2009
6/26/2006,6/25/2009,afghanistan,9/25/2010
7/21/2006,7/20/2009,madagascar,7/20/2009
11/20/2006,11/19/2009,haiti,1/31/2010
12/18/2006,12/17/2009,mauritania,12/17/2009
12/22/2006,12/21/2009,central-african-republic,6/30/2010
1/26/2007,2/28/2009,peru,2/28/2009
2/21/2007,2/20/2010,gambia,3/31/2011
4/23/2007,4/22/2010,burkina-faso,4/22/2010
5/7/2007,5/6/2010,gabon,5/6/2010
10/5/2007,10/4/2010,nicaragua,10/31/2011
12/19/2007,3/18/2009,iraq,3/18/2009
12/21/2007,12/20/2010,guinea,12/20/2010
3/14/2008,3/13/2011,liberia,9/25/2008
3/14/2008,3/13/2011,liberia,5/17/2012
4/7/2008,4/6/2009,honduras,3/30/2009
4/21/2008,4/20/2011,togo,7/26/2011
5/29/2008,5/28/2011,mali,12/22/2011
6/2/2008,6/1/2011,niger,6/1/2011
6/4/2008,6/3/2011,zambia,6/29/2011
7/7/2008,7/6/2011,burundi,1/23/2012
9/15/2008,3/14/2010,georgia,6/14/2011
9/17/2008,9/16/2011,djibouti,5/31/2012
11/5/2008,11/4/2010,ukraine,7/27/2010
11/6/2008,4/5/2010,hungary,10/5/2010
11/14/2008,11/13/2010,seychelles,12/22/2009
11/17/2008,11/16/2011,armenia,3/6/2009
11/19/2008,11/18/2010,iceland,8/31/2011
11/24/2008,10/23/2010,pakistan,9/30/2011
12/3/2008,12/2/2009,malawi,12/2/2009
12/8/2008,8/4/2011,congo,8/4/2011
12/10/2008,6/9/2010,kyrgyz-republic,6/9/2010
12/16/2008,12/16/2008,comoros,12/16/2008
12/19/2008,12/18/2009,senegal,6/10/2010
12/23/2008,3/22/2011,latvia,12/22/2011
1/12/2009,4/11/2010,belarus,3/30/2010
1/16/2009,3/31/2010,el-salvador,3/17/2010
1/16/2009,4/15/2010,serbia,4/15/2011
1/23/2009,1/23/2009,ethiopia,1/23/2009
3/2/2009,3/1/2012,sao-tome-principe,3/1/2012
3/6/2009,7/5/2011,armenia,6/27/2010
3/11/2009,3/11/2009,congo,3/11/2009
3/27/2009,3/26/2012,cote-d-ivoire,6/23/2011
4/1/2009,10/1/2010,mongolia,10/1/2010
4/11/2009,7/10/2010,costa-rica,7/10/2010
4/17/2009,4/16/2010,mexico,3/25/2010
4/21/2009,4/20/2012,tajikistan,5/9/2012
4/22/2009,10/21/2010,guatemala,10/21/2010
5/4/2009,5/3/2011,romania,3/30/2011
5/6/2009,5/5/2010,poland,5/5/2010
5/11/2009,5/6/2010,colombia,5/6/2010
5/15/2009,5/15/2009,st-vincent-grenadines,5/15/2009
5/29/2009,5/28/2010,kenya,5/28/2010
5/29/2009,5/28/2010,tanzania,6/14/2010
6/30/2009,6/28/2010,mozambique,6/28/2010
7/8/2009,6/30/2012,bosnia-herzegovina,7/7/2012
7/19/2009,7/23/2012,ghana,7/23/2012
7/24/2009,3/23/2011,sri-lanka,7/23/2012
8/26/2009,10/25/2010,ethiopia,11/22/2010
9/21/2009,9/20/2012,comoros,12/31/2013
11/9/2009,3/8/2012,dominican-republic,3/8/2012
11/23/2009,2/22/2012,angola,3/30/2012
12/4/2009,12/3/2011,maldives,12/3/2011
12/4/2009,12/3/2012,maldives,12/3/2012
12/11/2009,12/10/2012,congo,12/10/2012
12/23/2009,12/22/2012,seychelles,12/22/2013
1/29/2010,1/30/2013,moldova,4/30/2013
1/29/2010,1/28/2013,moldova,4/30/2013
2/4/2010,5/3/2012,jamaica,5/3/2012
2/19/2010,2/18/2013,malawi,7/22/2012
2/24/2010,2/23/2012,iraq,2/23/2013
3/15/2010,3/14/2013,mauritania,6/30/2013
3/17/2010,3/16/2013,el-salvador,3/16/2013
3/25/2010,3/24/2011,mexico,1/9/2011
4/18/2010,4/17/2013,grenada,4/17/2013
5/7/2010,5/6/2011,colombia,5/6/2011
5/7/2010,5/6/2013,guinea-bissau,5/6/2013
5/9/2010,5/8/2013,greece,3/14/2012
6/2/2010,12/1/2011,solomon-islands,12/1/2011
6/2/2010,6/1/2013,lesotho,9/30/2013
6/7/2010,6/6/2013,antigua-barbuda,6/6/2013
6/14/2010,6/13/2013,benin,6/30/2014
6/14/2010,6/13/2013,burkina-faso,12/23/2013
6/28/2010,6/27/2013,armenia,7/2/2013
6/28/2010,6/27/2013,armenia,6/24/2013
7/1/2010,6/30/2013,sierra-leone,6/30/2013
7/2/2010,7/1/2011,poland,1/20/2011
7/21/2010,1/20/2012,kosovo,1/20/2012
7/21/2010,7/20/2013,haiti,12/28/2014
7/28/2010,12/27/2012,ukraine,12/27/2012
7/30/2010,7/29/2013,yemen,4/4/2012
10/1/2010,3/31/2012,honduras,3/31/2012
10/1/2010,3/31/2012,honduras,3/31/2012
12/16/2010,12/15/2013,ireland,12/15/2013
1/10/2011,1/9/2013,mexico,11/29/2012
1/19/2011,1/18/2013,macedonia,1/18/2013
1/21/2011,1/17/2013,poland,1/17/2013
1/31/2011,1/30/2014,kenya,1/30/2014
3/31/2011,3/30/2013,romania,6/30/2013
5/6/2011,5/5/2013,colombia,5/5/2013
5/20/2011,5/19/2014,portugal,6/30/2014
6/20/2011,6/19/2014,kyrgyz-republic,7/31/2014
7/27/2011,7/26/2014,st-kitts-nevis,7/26/2014
9/29/2011,3/28/2013,serbia,3/28/2013
11/4/2011,11/3/2014,cote-d-ivoire,12/31/2015
11/14/2011,11/13/2014,afghanistan,11/13/2014
12/6/2011,12/5/2012,solomon-islands,12/5/2012
12/27/2011,12/26/2014,mali,1/10/2013
1/27/2012,1/26/2015,burundi,3/31/2016
2/24/2012,2/23/2015,guinea,11/7/2016
3/15/2012,3/14/2016,greece,1/15/2016
3/16/2012,3/15/2015,niger,12/31/2016
4/11/2012,4/10/2015,bangladesh,10/31/2015
4/11/2012,4/10/2014,georgia,4/10/2014
4/11/2012,4/10/2014,georgia,4/10/2014
4/27/2012,12/26/2013,kosovo,12/26/2013
5/25/2012,5/24/2015,gambia,4/2/2015
6/25/2012,6/24/2015,central-african-republic,5/1/2014
7/6/2012,1/5/2014,tanzania,4/30/2014
7/20/2012,7/19/2015,sao-tome-principe,7/19/2015
7/23/2012,7/22/2015,malawi,6/29/2017
8/3/2012,8/2/2015,jordan,8/2/2015
8/3/2012,8/2/2014,morocco,7/28/2014
9/26/2012,9/25/2014,bosnia-herzegovina,6/30/2015
11/19/2012,11/18/2015,liberia,11/18/2017
11/30/2012,11/29/2014,mexico,11/29/2014
12/7/2012,12/6/2015,solomon-islands,3/31/2016
1/18/2013,1/17/2015,poland,1/14/2015
5/1/2013,4/30/2017,jamaica,11/11/2016
5/15/2013,5/14/2016,cyprus,3/7/2016
6/7/2013,6/6/2015,tunisia,12/31/2015
6/24/2013,6/23/2015,colombia,6/23/2015
9/4/2013,9/3/2016,pakistan,9/30/2016
9/27/2013,9/26/2015,romania,9/26/2015
10/21/2013,10/20/2016,sierra-leone,12/14/2016
12/18/2013,12/17/2016,mali,12/17/2018
12/27/2013,12/26/2016,burkina-faso,7/24/2017
2/28/2014,2/27/2017,albania,2/24/2017
3/7/2014,5/6/2017,armenia,6/27/2017
4/30/2014,4/29/2016,ukraine,3/10/2015
6/4/2014,6/3/2017,seychelles,6/3/2017
6/26/2014,6/25/2017,grenada,5/26/2017
7/28/2014,7/27/2016,morocco,7/21/2016
7/30/2014,7/29/2017,georgia,4/11/2017
8/1/2014,7/30/2017,chad,6/29/2017
9/2/2014,9/1/2017,yemen,3/31/2016
11/26/2014,11/25/2016,mexico,5/27/2016
12/3/2014,12/2/2017,honduras,12/2/2017
12/3/2014,12/2/2016,honduras,12/2/2016
1/14/2015,1/13/2017,poland,1/13/2017
2/2/2015,2/1/2016,kenya,3/14/2016
2/2/2015,2/1/2016,kenya,3/14/2016
2/23/2015,2/22/2018,serbia,2/22/2018
3/11/2015,3/10/2019,ukraine,12/17/2018
4/3/2015,4/2/2018,ghana,4/2/2019
4/8/2015,4/7/2018,kyrgyz-republic,4/7/2018
5/18/2015,5/17/2018,haiti,11/17/2016
6/17/2015,6/16/2017,colombia,6/13/2016
7/10/2015,7/9/2018,guinea-bissau,7/9/2019
7/13/2015,7/12/2018,sao-tome-principe,12/31/2018
7/29/2015,5/28/2017,kosovo,8/4/2017
12/18/2015,6/17/2017,mozambique,6/17/2017
3/14/2016,3/13/2018,kenya,9/13/2018
3/14/2016,3/13/2018,kenya,3/13/2018
5/20/2016,5/19/2020,tunisia,3/18/2020
5/27/2016,5/26/2018,suriname,4/16/2017
5/27/2016,5/26/2018,mexico,11/28/2017
6/3/2016,6/2/2019,sri-lanka,6/2/2020
6/8/2016,12/7/2017,rwanda,1/31/2018
6/13/2016,6/12/2018,colombia,5/24/2018
7/7/2016,7/6/2019,iraq,7/6/2019
7/20/2016,7/19/2019,afghanistan,12/31/2019
7/22/2016,7/21/2018,morocco,7/21/2018
7/20/2016,7/19/2019,central-african-republic,7/19/2019
7/27/2016,11/26/2019,madagascar,11/26/2019
8/24/2016,8/23/2019,jordan,3/23/2020
9/7/2016,9/6/2019,bosnia-herzegovina,4/20/2020
11/7/2016,11/6/2019,moldova,11/6/2019
11/7/2016,11/6/2019,moldova,11/6/2019
11/11/2016,11/10/2019,egypt,11/10/2019
11/11/2016,11/10/2019,jamaica,11/10/2019
12/12/2016,12/11/2019,cote-d-ivoire,12/11/2020
12/12/2016,12/11/2019,cote-d-ivoire,12/11/2020
1/13/2017,1/12/2019,poland,11/3/2017
1/23/2017,1/22/2020,niger,10/31/2020
4/7/2017,4/6/2020,benin,5/19/2020
4/12/2017,4/11/2020,georgia,4/11/2021
5/5/2017,5/4/2020,togo,4/7/2020
5/24/2017,5/23/2020,mongolia,5/23/2020
6/5/2017,6/4/2020,sierra-leone,11/29/2018
6/19/2017,6/18/2020,gabon,6/18/2020
6/26/2017,6/25/2020,cameroon,9/30/2020
6/30/2017,6/29/2020,chad,7/22/2020
7/20/2017,8/31/2018,greece,8/31/2018
11/29/2017,11/28/2019,mexico,11/28/2019
12/6/2017,12/5/2020,mauritania,12/5/2020
12/11/2017,12/10/2020,guinea,12/10/2020
3/14/2018,3/13/2021,burkina-faso,3/13/2021
4/30/2018,4/29/2021,malawi,4/29/2021
5/25/2018,5/24/2020,colombia,5/1/2020
6/20/2018,6/19/2021,argentina,7/24/2020
10/1/2018,9/30/2022,barbados,9/30/2022
11/30/2018,6/29/2022,sierra-leone,6/29/2022
12/7/2018,12/6/2021,angola,12/6/2021
12/17/2018,12/16/2020,morocco,4/7/2020
12/18/2018,2/17/2020,ukraine,2/17/2020
3/11/2019,3/10/2022,ecuador,5/1/2020
5/17/2019,5/16/2022,armenia,5/16/2022
7/3/2019,10/2/2022,pakistan,10/2/2022
7/11/2019,7/10/2022,congo,7/10/2022
7/15/2019,7/14/2021,honduras,7/14/2021
7/15/2019,7/14/2021,honduras,7/14/2021
8/28/2019,8/27/2022,mali,8/27/2022
10/2/2019,2/1/2023,sao-tome-principe,2/1/2023
11/22/2019,11/21/2021,mexico,11/21/2021
12/11/2019,12/10/2023,liberia,12/10/2023
12/18/2019,12/17/2022,equatorial-guinea,12/17/2022
12/20/2019,12/19/2022,ethiopia,12/19/2022
12/20/2019,12/19/2022,ethiopia,12/19/2022
12/20/2019,12/19/2022,central-african-republic,12/19/2022
3/23/2020,6/22/2023,gambia,6/22/2023
3/24/2020,3/23/2023,somalia,3/23/2023
3/24/2020,3/23/2023,somalia,3/23/2023
3/25/2020,3/24/2024,jordan,3/24/2024
5/1/2020,4/30/2022,colombia,4/30/2022
5/28/2020,5/27/2022,peru,5/27/2022
5/29/2020,5/28/2022,chile,5/28/2022
6/9/2020,12/8/2021,ukraine,12/8/2021
6/26/2020,6/25/2021,egypt,6/25/2021
9/30/2020,12/29/2022,ecuador,12/29/2022
